page,chunk,entity_name,entity_type,description
11,0,บ้านเดิง,LOCATION,หมู่บ้านมอญ อยู่ในเขตตำบลเชียงรากน้อย ติดกับหมู่บ้านศาลาแดง ชาวมอญที่อพยพมาอยู่นี้อพยพมาจากหมู่บ้าน “เดิง”
11,0,วัดศาลาแดง,ATTRACTION,ศูนย์กลางพระพุทธศาสนาของชุมชน
11,0,บ้านกลาง,LOCATION,"หมู่บ้านมอญเรียกว่าหมู่บ้าน “สะกราด"" อยู่ในเมืองเมาะตะมะ เป็นหมู่บ้านใหญ่ มีวัดสองพี่น้องเป็นศูนย์กลางของพระพุทธศาสนาในชุมชน"
11,0,วัดสองพี่น้อง,ATTRACTION,ศูนย์กลางของพระพุทธศาสนาในชุมชนบ้านกลาง
11,0,หลวงพ่อเพชร,CULTURE,พระพุทธรูปที่เป็นที่เคารพกราบไหว้นับถือของคนทั่วไปทั้งมอญและไทย
11,0,บ้านสวนมะม่วง,LOCATION,ชุมชนมอญตั้งอยู่ฝั่งตะวันออกของแม่น้ำเจ้าพระยา ห่างจากบ้านกลาง ประมาณ 3 กิโลเมตร
11,0,วัดสวนมะม่วง,ATTRACTION,ศูนย์กลางพุทธศาสนาของชุมชนบ้านสวนมะม่วง
11,0,วัดราชบูรณะ,ANTIQUE,"วัดร้างสมัยอยุธยา มีชื่อเดิมว่า “พี้ยะเกริก"" ปัจจุบันไม่เหลือซาก โบราณสถานเลย"
11,0,บ้านอำพุ,LOCATION,หมู่บ้านชาวมอญที่อยู่ติดกับหมู่บ้านสวนมะม่วงทางด้านได้ ด้านเหนือติดกับวัดไผ่ล้อม
11,0,วัดอำพุวราราม,ATTRACTION,ศูนย์กลางฝั่งตะวันตกของแม่น้ำ ตรงข้ามกับบ้านสวนมะม่วง
12,0,บ้านเจดีย์ทอง,LOCATION,เป็นชุมชนมอญอยู่ในเขตตำบลคลองควาย ฝั่งตะวันตกของแม่น้ำ ตรงกันข้ามบ้านสวนมะม่วง เป็นหมู่บ้านใหญ่ตั้งบ้านเรือนอยู่ริมฝั่งแม่น้ำเจ้าพระยา
12,0,ชาวมอญ,PERSON,อพยพมาจากเมือง มุฐ์เดิงร์ ซึ่งเป็นชื่อเจดีย์รูปแบบเจดีย์มอญของวัดเจดีย์ทอง แต่มีขนาดใหญ่
12,0,บ้านเจดีย์ทอง,LOCATION,มีวัดเจดีย์ทองเป็นศูนย์กลางพระพุทธศาสนาของชุมชน บริเวณนี้เคยเป็นที่ตั้ง ชุมชนโบราณสมัยอยุธยามาก่อน มีวัดร้างอยู่แล้วก่อนชาวมอญอพยพมาอยู่ จากหลักฐานใบเสมาศิลาทราย จำหลักลวดลายสวยงาม ชาวมอญที่อพยพมาอยู่ในสมัยกรุงธนบุรีได้ก่อตั้งหมู่บ้าน และบูรณะวัดร้าง ขึ้นมาใหม่ให้ชื่อว่าวัดเจดีย์ทอง
12,0,บ้านสามเรือน,LOCATION,อยู่ริมฝั่งแม่น้ำเจ้าพระยาฝั่งตะวันตก ได้หมู่บ้านเจดีย์ทองไปประมาณ ๑ กิโลเมตร อยู่ในเขต ตำบลคลองควาย หมู่บ้านนี้เคยมีอาชีพทำไม่ขายในอดีต บ้านสามเรือนมีวัดเมี่ยงหรือวัดสามัคคิยาราม เป็นศูนย์กลางของพระพุทธศาสนาในชุมชน
12,0,คำว่า “มี่ยง”,CULTURE,มาจากภาษามอญว่า “แม่ง” แปลว่า รอคอย เป็นชื่อหมู่บ้านใหญ่ในเมือง เมาะระมิงค์
12,0,บ้านสามเรือน,LOCATION,มีครัวเรือนอยู่ประมาณ ๖๐ ครอบครัว มีประชากรประมาณ ๒๖๐ คน ชุมชนบ้านสามเรือนมีโรงเรียนสังกัดประถมศึกษา คือโรงเรียนวัดสามัคคิยาราม
12,0,บ้านโพธิ์,LOCATION,เป็นหมู่บ้านมอญอยู่ใกล้เคียงกับหมู่บ้านสามเรือน ตั้งอยู่ในเขตตำบลคลองควาย ตั้งอยู่ระหว่าง กลาง ด้านใต้เป็นคลองควาย ด้านเหนือติดวัดสุราษฎร์รังสรรค์
12,0,ชาวมอญ,PERSON,อพยพมาจากหมู่บ้าน “พ่อ” เป็นหมู่บ้านใน เมืองเมาะตะมะ
12,0,บ้านโพธิ์,LOCATION,เป็นชุมชนที่มีขนาดเล็ก มีครัวเรือนอยู่ประมาณ ๒๒ ครอบครัว มีประชากรประมาณ ๑๑๐ คน
12,0,บ้านตากแดด,LOCATION,เป็นชุมชนที่ตั้งอยู่ในเขตตำบลบางเตย ติดกับชุมชนบ้านโพธิ์ โดยมีคลองควายคั้นอยู่
13,0,บ้านตากแดด,LOCATION,ชุมชนอยู่ริมฝั่งแม่น้ำเจ้าพระยาและในคลองควาย
13,0,วัดจันทน์กะพ้อ,ATTRACTION,ศูนย์กลางของพระพุทธศาสนาในชุมชน ปัจจุบันเป็นพระอารามหลวง เจ้าอาวาสดำรงสมณศักดิ์เป็น “พระธรรมเมธาภรณ์” เจ้าคณะจังหวัด ฝ่ายธรรมยุติกนิกาย
13,0,บ้านบางเตย,LOCATION,หมู่บ้านมอญตั้งอยู่บริเวณปากคลองบางเตยและในคลองบางเตย ซึ่งเป็นคลองเกิดขึ้นตามธรรมชาติ อยู่ฝั่งตะวันตกของแม่น้ำเจ้าพระยา ใต้หมู่บ้านตากแดด
13,0,วัดตาล,ATTRACTION,วัดร้างสมัยอยุธยาชื่อว่า “วัดตาล ต่อมาในสมัยรัชกาลที่ 5 ทางราชการได้จัดสร้างที่ว่าการอำเภอสามโคก สถานีตำรวจเป็นอาคารถาวร ทรงปั้นหยาริมฝั่งแม่น้ำเจ้าพระยาเป็นครั้งแรก
13,0,ตลาดบางเตย,LOCATION,ชุมชนชาวจีนบริเวณปากคลองบางเตยฝั่งเหนือคลองในอดีต
13,0,วัดบางเตยนอก,ATTRACTION,วัดมอญเรียกว่า “พี้ยะฮะปร้าง” ตั้งอยู่ในชุมชนชาวมอญบ้านบางเตย
13,0,วัดบางเตยกลาง,ATTRACTION,วัดมอญเรียกว่า “พี้ยะฮะปร้าง” แต่ภายหลังเรียกผิดเพี้ยนไปเป็นวัด ปิ้ง ตั้งอยู่ในชุมชนชาวมอญบ้านบางเตย
13,0,วัดบางเตยใน,ATTRACTION,วัดหรือวัดโพธิ์ “บางเตย” เป็นชื่อบ้านชื่อบางที่มีหลักฐานปรากฏในพงศาวดารเหนือที่มีมาตั้งแต่สมัย อยุธยาตอนต้น ตั้งอยู่ในชุมชนชาวมอญบ้านบางเตย
